{"cameraMode":{"drawMode":0,"name":"Shaded","section":"Shading Mode"},"sceneLighting":true,"audioPlay":false,"sceneViewState":{"showFog":true,"showMaterialUpdate":false,"showSkybox":true,"showFlares":true,"showImageEffects":true,"showParticleSystems":true},"in2DMode":false,"pivot":{"x":4.498270034790039,"y":-14.972704887390137,"z":9.195611953735352},"rotation":{"x":-0.16538475453853608,"y":0.8249855637550354,"z":-0.3065863847732544,"w":-0.4450298249721527},"size":40000.0,"orthographic":false}